{"cameraMode":{"drawMode":0,"name":"Shaded","section":"Shading Mode"},"sceneLighting":false,"audioPlay":false,"sceneViewState":{"m_AlwaysRefresh":false,"showFog":true,"showSkybox":true,"showFlares":true,"showImageEffects":true,"showParticleSystems":true,"showVisualEffectGraphs":true,"m_FxEnabled":true},"in2DMode":false,"pivot":{"x":453.8831787109375,"y":-362.0669860839844,"z":332.4449462890625},"rotation":{"x":-0.38186219334602358,"y":0.001938662608154118,"z":-0.0008003386319614947,"w":-0.9242210984230042},"size":809.5197143554688,"orthographic":false}